ID,DAM_NAME,STATE,AGENCY_CODE,longtitude,lattitude,feature_id,dataset,rts,max_sto,split
41,Ross,Washington,SCL,-121.067305,48.732466,24260289,plrt,128.2375373,1296355000,val
42,Diablo,Washington,SCL,-121.13032,48.714583,24260717,plrt,11.70432508,110891000,val
55,Keechelus,Washington,BOR_PN,-121.340171,47.323654,24136769,plrt,127.6284426,197431000,train
56,Keechelus,Washington,,-121.78375,47.277917,23979340,gdrom,8.404,94999070.87,test
57,Kachess,Washington,BOR_PN,-121.205208,47.265956,24136753,plrt,248.5881845,297691000,train
60,Bumping Lake,Washington,BOR_PN,-121.302083,46.86875,24428511,plrt,33.48284987,45048000,train
63,Tieton,Washington,BOR_PN,-121.128322,46.654792,24428693,plrt,131.6572119,246101000,val
78,Wasco,Oregon,BOR_PN,-121.690853,45.17581,23727371,plrt,478.1738791,12772000,train
80,Detroit,Oregon,,-122.249583,44.720417,23783629,gdrom,68.603,561405691.2,test
85,Foster,Oregon,,-122.66875,44.41875,23788981,gdrom,7.71,74122390.73,test
87,Ochoco,Oregon,,-120.722917,44.29875,23717064,gdrom,194.951,57196552.92,test
88,Blue River Dam,Oregon,,-122.32875,44.174583,23777375,gdrom,49.157,106406310.9,test
89,Cougar,Oregon,,-122.24125,44.127083,23777431,gdrom,67.869,266282826.1,test
90,Fern Ridge,Oregon,,-123.299583,44.11875,23769069,gdrom,57.144,127270656.3,test
92,Fall Creek,Oregon,,-122.755417,43.945417,23756162,gdrom,57.023,151835447.1,test
94,Lookout Point,Oregon,,-122.750417,43.914583,23756172,gdrom,45.134,548254307.8,test
97,Dorena,Oregon,,-122.952917,43.782917,23761332,gdrom,27.546,96159777.28,test
99,Cottage Grove,Oregon,,-123.057917,43.715417,23761342,gdrom,35.421,40133798.63,test
100,Hills Creek,Oregon,,-122.42125,43.70875,23756364,gdrom,113.237,435124287.4,test
107,William L. Jess,Oregon,,-122.672917,42.674583,23927716,gdrom,90.357,577239897.6,test
111,Howard Prairie,Oregon,BOR_PN,-122.378342,42.217605,8263894,plrt,54480.38126,76008000,val
113,Hyatt Dam,Oregon,BOR_PN,-122.467427,42.173159,358637,plrt,553.9025583,20080000,train
114,Emigrant,Oregon,BOR_PN,-122.605417,42.16125,23934034,plrt,365.5367382,48336000,train
116,Applegate Dam,Oregon,,-123.115417,42.054583,23938563,gdrom,51.925,102142164.2,test
131,Trinity,California,CDEC,-122.762083,40.80375,8245358,plrt,461.5892669,3027308000,train
132,Shasta,California,BOR,-122.422031,40.720459,,plrt,213.7238089,5595835000,val
133,Whiskeytown,California,BOR,-122.540564,40.599432,2781993,plrt,113.2060155,301285000,train
144,Black Butte Dam,California,,-122.34125,39.81625,7989989,gdrom,56.188,181089935.9,test
148,Oroville,California,,-121.482917,39.54125,12076080,gdrom,202.638,4413850711,test
153,Independence,California,,-120.290738,39.450598,8932968,gdrom,357.058,22572717.67,test
157,Boca,California,,-120.095694,39.391436,8932970,gdrom,62.832,50412402.8,test
158,New Bullards Bar,California,CDEC,-121.142593,39.393473,8060079,plrt,241.8375246,1186518000,train
160,Prosser Creek,California,,-120.141076,39.3785,8932974,gdrom,74.666,41568338.01,test
163,Martis Creek Dam,California,DUKE,-120.113874,39.325992,,plrt,14546.5835,20778000,train
165,Donner Lake,California,,-120.241002,39.323946,8932994,gdrom,80.488,15788567.55,test
168,Harry L. Englebright Dam,California,,-121.269583,39.24125,8060131,gdrom,14.634,97524008.2,test
169,Coyote Valley Dam,California,,-123.180998,39.197467,8306696,gdrom,246.897,129854924.1,test
180,Warm Springs Dam,California,,-123.012083,38.720417,8271433,gdrom,455.935,421396868,test
182,Folsom,California,BOR,-121.157917,38.712083,20194524,plrt,105.956263,1192674000,train
185,Monticello,California,BOR,-122.107917,38.514583,130951632,plrt,1352.322906,2059912000,train
192,Beardsley,California,,-120.07375,38.207917,342083,gdrom,42.583,120650559.2,test
193,New Hogan Dam,California,,-120.812917,38.15375,17065952,gdrom,378.228,383684394.2,test
198,New Melones,California,CDEC,-120.524583,37.949583,120051899,plrt,680.9640553,2483117000,train
203,Farmington Dam,California,,-120.934583,37.91625,,gdrom,1.032,65390475.24,test
204,Tulloch,California,BOR,-120.602083,37.877114,347987,plrt,35.78774824,82396000,train
210,Don Pedro,California,,-120.420417,37.70375,17080041,gdrom,278.503,2523252390,test
214,Exchequer Main,California,,-120.27125,37.58625,21606665,gdrom,207.752,1260057206,test
223,Coyote,California,,-121.54875,37.11875,17693823,gdrom,158.084,137261859.2,test
292,Lake Sherburne,Montana,BOR,-113.524583,48.82875,9304984,plrt,80.6581468,84334000,train
293,Fresno,Montana,BOR,-109.949583,48.599583,167204918,plrt,202.053451,160513000,val
295,Nelson Dike,Montana,BOR,-107.524583,48.532917,167204935,plrt,354.8697184,97136000,train
297,Libby,Montana,ACE_SEA,-115.313542,48.411432,22886855,plrt,165.621896,5727048000,train
300,Tiber Dike,Montana,BOR,-111.10375,48.324583,12642095,plrt,555.3525084,1272631000,train
305,Albeni Falls,Idaho,,-116.997917,48.17875,,gdrom,18.99,1902396204,test
306,Swift Dike,Montana,BOR,-112.87875,48.162083,12538136,plrt,74.32535272,36979000,train
307,Fort Peck Dam,Montana,ACE_OMA,-106.414583,48.001098,167204901,plrt,3252.628523,23146252200,val
310,Grand Coulee,Washington,BOR_PN,-118.98095,47.954652,,plrt,46.14637157,6396128000,val
316,Kerr,Montana,,-114.232292,47.676175,120054065,gdrom,35.666,1558480869,test
317,Pishkun Dike 1,Montana,BOR,-112.48791,47.674729,,plrt,54.86131963,59377000,train
319,Gibson,Montana,BOR,-112.76625,47.599583,12394600,plrt,33.38374646,122348000,train
320,Willow Creek,Montana,BOR,-112.428497,47.549113,12394688,plrt,1882.101923,44445984.84,train
353,Willow Creek Reservoir,Oregon,,-119.54375,45.344451,,gdrom,130.158,11225901.48,test
355,Yellowtail,Montana,BOR,-107.957917,45.307083,167204997,plrt,152.8900041,1529569000,val
361,Thief Valley,Oregon,BOR_PN,-117.782917,45.01375,24215369,plrt,30.86336972,18254000,train
362,Clark Canyon,Montana,BOR,-112.862083,44.999583,4167440,plrt,389.5436535,349165000,train
364,Hebgen Dam,Montana,BOR,-111.334057,44.863227,3056866,plrt,148.8247128,476347000,train
365,NA,NA,NA,NA,NA,120054057,plrt,148.8187027,1752340895,train
367,Mason,Oregon,BOR_PN,-117.999583,44.67125,24215523,plrt,187.7198489,106369000,train
368,Lima,Montana,BOR ,-112.363205,44.654902,4167460,plrt,132.6069466,103031000,train
370,Cascade,Idaho,,-116.05375,44.524583,120054056,gdrom,246.691,820292560.2,test
372,Unity,Oregon,BOR_PN,-118.182917,44.504583,24204827,plrt,76.99985285,32550000,train
373,Buffalo Bill,Wyoming,BOR,-109.186819,44.500233,,plrt,166.0536968,797626000,train
374,Island Park,Idaho,BOR,-111.394991,44.420051,24465514,plrt,107.9529052,169453000,train
378,Grassy Lake,Wyoming,BOR_PN,-110.817278,44.129764,,plrt,812.8078375,19036000,train
382,Bully Creek,Oregon,BOR_PN,-117.399583,44.01625,24152927,plrt,159.1887145,38811000,train
384,Jackson Lake,Wyoming,BOR_PN,-110.591126,43.857485,,plrt,170.8931855,1078232000,train
385,Anchor,Wyoming,BOR,-108.827888,43.663883,,plrt,15.02589696,9822000,train
386,Owyhee,Oregon,BOR_PN,-117.24125,43.64125,120052938,plrt,420.7679683,900883000,train
387,Arrowrock,Idaho,,-115.92125,43.594583,,gdrom,33.674,357953429,test
390,Ririe,Idaho,BOR_PN,-111.740813,43.580736,,plrt,207.3377626,103652000,train
391,Lucky Peak,Idaho,BOR_PN,-116.05125,43.527917,120053990,plrt,32.47080014,327285000,train
393,Boysen,Wyoming,BOR,-108.17875,43.415417,12869679,plrt,227.5463954,1094260000,val
396,Palisades,Idaho,,-111.20375,43.33125,120052927,gdrom,52.771,1498169774,test
398,Bull Lake,Wyoming,BOR,-109.045417,43.212083,12898716,plrt,392.6877223,187628000,train
399,Pilot Butte,Wyoming,BOR,-108.760417,43.195527,,plrt,53.40306584,46212000,val
405,C.J. Strike,Idaho,,-115.972917,42.947917,120053987,gdrom,14.101,309110549.1,test
411,American Falls,Idaho,,-112.874583,42.782917,120052939,gdrom,74.43,2103996847,test
413,Minidoka,Idaho,BOR,-113.48375,42.66875,23171013,plrt,5.181031982,119476000,train
415,Alcova,Wyoming,BOR,-106.727083,42.543117,22103649,plrt,135.719937,234060000,train
416,Pathfinder Dike,Wyoming,BOR,-106.85375,42.464583,15975492,plrt,461.4489555,1348532847,train
419,Big Sandy Dike,Wyoming,BOR,-109.432917,42.25375,18300278,plrt,131.4861773,49757000,val
420,Eden Dike 1,Wyoming,BOR,-109.372287,42.238935,18300318,plrt,201.8301454,17127000,train
421,Seminoe,Wyoming,BOR,-106.907917,42.155417,167245825,plrt,508.2917264,1302017000,train
423,Fontenelle,Wyoming,BOR,-110.065625,42.028371,,plrt,98.06655591,454865485.7,train
431,Hyrum,Utah,BOR,-111.872083,41.624583,664014,plrt,64.12882038,19130000,train
437,Arthur V. Watkins,Utah,BOR,-112.130397,41.376955,,plrt,763.192539,250964000,val
438,Pineview,Utah,BOR ,-111.83875,41.25625,10273702,plrt,171.4388646,139415000,train
442,Lost Creek,Utah,BOR,-111.39875,41.187083,10089124,plrt,288.4349463,28095000,train
445,Meeks Cabin,Wyoming,BOR,-110.582083,41.025417,120051967,plrt,49.92149607,38805000,train
448,Bor Stateline Summit,Utah,BOR,-110.386982,40.987986,,plrt,67.85086073,17549000,val
449,Echo,Utah,BOR,-111.430417,40.965417,10091588,plrt,115.5325279,93701000,val
450,East Canyon,Utah,BOR,-111.599583,40.920417,10276260,plrt,385.1083499,61907000,train
451,Flaming Gorge,Utah,BOR,-109.420471,40.915665,,plrt,2236.443411,4827385566,train
456,Wanship,Utah,BOR,-111.40263,40.787922,10091800,plrt,114.2937931,1792236246,train
458,Smith and Morehouse Dam,Utah,BOR,-111.104034,40.76266,,plrt,106.9824031,10548720.96,val
460,NA,NA,NA,NA,NA,2897137,plrt,56.3698639,80512000,train
467,Bor Jordanelle,Utah,BOR,-111.422917,40.599261,,plrt,659.8475197,389808050,train
469,Red Fleet,Utah,BOR,-109.420236,40.577988,,plrt,240.4946702,32193000,train
470,Upper Bor Stillwater,Utah,BOR,-110.701662,40.561752,,plrt,83.55716941,39043000,train
471,Moon Lake,Utah,BOR,-110.48875,40.562083,11975087,plrt,93.81535281,45623000,train
473,Steinaker,Utah,BOR,-109.532917,40.512083,1392281,plrt,265.7385829,45198000,train
477,Deer Creek,Utah,BOR,-111.527917,40.407917,10375440,plrt,156.1857219,189329000,train
487,Shadow Mountain,Colorado,,-105.845417,40.212083,1233435,gdrom,44.104,22295184.26,test
488,Bor Starvation,Utah,BOR,-110.445417,40.19125,11965847,plrt,370.6368569,206814000,train
492,Granby,Colorado,BOR,-105.856013,40.139748,1233515,plrt,595.7839534,664800000,train
493,Soldier Creek,Utah,BOR,-111.028275,40.137146,11964599,plrt,10784.84112,1365984000,train
497,Williams Fork,Colorado,DENW,-106.205943,40.03395,1230577,plrt,265.9116013,120375000,train
500,Gross,Colorado,DENW,-105.357859,39.949456,2891036,plrt,108.4994255,51583000,val
502,Green Mountain,Colorado,BOR,-106.32875,39.877917,1311881,plrt,115.7970787,189433000,train
503,Mona,Utah,,-111.87125,39.875417,10329965,gdrom,232.693,19070862.73,test
505,Ralston,Colorado,DENW,-105.241537,39.832745,,plrt,56.64641626,13314000,train
506,Scofield,Utah,BOR,-111.12875,39.78875,3906255,plrt,224.8192685,74302000,val
508,Marston Lake North Dam,Colorado,DENW,-105.057908,39.624824,,plrt,151.3099428,24341000,train
509,Dillon,Colorado,DENW,-106.060416,39.61875,1312051,plrt,1138.175034,323421000,train
511,Chatfield Dam,Colorado,ACE_OMA,-105.05625,39.55497,188031,plrt,50.78041192,67938000,train
514,Lahontan,Nevada,,-119.06875,39.460352,11431851,gdrom,163.34,403841954.4,test
517,Ruedi,Colorado,BOR ,-106.815417,39.36625,1326659,plrt,615.4714274,128279000,val
518,Joes Valley,Utah,BOR,-111.274583,39.29125,4876219,plrt,216.0094642,80214000,val
522,Cheesman,Colorado,DENW,-105.273882,39.210039,190075,plrt,166.0624403,98497000,val
524,Marlette Lake Dam,Nevada,BOR_PN,-119.90502,39.173654,8942385,plrt,3042.559744,15024000,train
529,Antero,Colorado,DENW,-105.895655,38.989297,167246015,plrt,277.102109,29290000,train
530,Spinney Mountain,Colorado,AUR,-105.623608,38.97361,127819344,plrt,162.6252737,66793000,train
531,Paonia,Colorado,BOR,-107.350417,38.942917,1336910,plrt,22.02101113,20106000,train
533,Eleven Mile Canyon,Colorado,DENW,-105.478234,38.902254,5241028,plrt,412.0376584,128505000,train
536,Taylor Park,Colorado,BOR ,-106.602917,38.824583,1332558,plrt,452.0710307,133530377.4,train
537,Crawford,Colorado,BOR,-107.60625,38.689583,3251185,plrt,53.02607251,17513000,train
541,Blue Mesa,Colorado,BOR,-107.333611,38.45367,,plrt,859.6152987,1021422215,train
542,Morrow Point,Colorado,BOR,-107.53625,38.452917,3252989,plrt,153.3238469,146398040.8,train
545,Donnells,California,,-119.95875,38.332083,345487,gdrom,34.44,79930856.71,test
546,Bridgeport,California,,-119.212814,38.325225,8914219,gdrom,66.856,53459102.95,test
549,Silver Jack,Colorado,BOR,-107.540387,38.230238,,plrt,74.17490008,16707486.6,val
554,Cherry Valley,California,,-119.912083,37.97875,17080601,gdrom,215.761,338508121.8,test
557,O'Shaughnessy,California,,-119.787917,37.949583,17080669,gdrom,119.624,772696196.4,test
567,McPhee,Colorado,BOR,-108.571436,37.578215,,plrt,620.1002535,472607862,train
572,Jackson Gulch,Colorado,BOR,-108.273317,37.399487,,plrt,187.0250767,12361000,train
574,Lemon,Colorado,BOR,-107.662083,37.382917,17014523,plrt,166.3291673,49542218.47,train
575,Vallecito,Colorado,BOR,-107.57375,37.37875,17034145,plrt,334.2048799,156395100.1,train
585,Buchanan Dam,California,,-119.985417,37.220417,,gdrom,347.364,179422000.8,test
592,Hidden Dam,California,,-119.882917,37.112083,,gdrom,153.303,109236988.8,test
595,Friant,California,BOR,-119.70375,37.00375,120053836,plrt,73.44874068,648498000,val
597,Glen Canyon,Arizona,BOR,-111.48625,36.94125,3528295,plrt,2488.419386,31694515296,train
600,Pine Flat Dam,California,-119.324583,36.832917,,,gdrom,96.841,1232063965,test
601,Navajo,New Mexico,BOR,-107.60875,36.80375,120053831,plrt,1595.369729,2073036604,train
603,Heron,New Mexico,,-106.705417,36.66625,17843236,gdrom,614.384,423644271.9,test
604,El Vado Reservoir Dam,New Mexico,,-106.732917,36.595417,17843270,gdrom,108.107,227829029.8,test
605,Terminus Dam,California,,-119.00125,36.419583,120052624,gdrom,44.499,228863921,test
606,Abiquiu Dam,New Mexico,,-106.42875,36.237917,,gdrom,160.446,377291681.8,test
609,Success Dam,California,,-118.92125,36.062083,14930103,gdrom,66.637,114462180.8,test
610,Hoover,Nevada,BOR,-114.735006,36.018191,22071698,plrt,672.9142569,36885967731,train
612,Isabella Dam,California,,-118.482917,35.649583,22670080,gdrom,95.789,693801464.5,test
613,Cochiti,New Mexico,,-106.31875,35.620417,17833136,gdrom,22.646,162584007.8,test
614,Jemez Canyon Dam,New Mexico,,-106.549583,35.395417,,gdrom,0.078,4318413.48,test
616,Davis Bor,Arizona,BOR,-114.572791,35.20227,120052757,plrt,262.0735017,2713656000,train
623,Blue Ridge,Arizona,USGS,-111.186458,34.552889,21745307,plrt,139.1625615,239744473.7,val
629,Parker,Arizona,BOR,-114.138725,34.29867,120052758,plrt,125.6913025,16651980000,train
644,Bartlett,Arizona,,-111.629844,33.817207,20438850,gdrom,116.013,220299856.6,test
656,Coolidge,Arizona,,-110.522895,33.176265,21318615,gdrom,157.077,299735840.4,test
657,Elephant Butte Dike,New Mexico,BOR,-107.189583,33.157917,17724998,plrt,322.2282334,745203000,val
664,Caballo,New Mexico,,-107.295417,32.899583,3222367,gdrom,25.624,111950811.8,test
753,Garrison Dam,North Dakota,ACE_OMA,-101.432292,47.50613,21543470,plrt,1699.870957,29515942920,train
758,Winnibigoshish Dam,Minnesota,ACE_STP,-94.053087,47.428657,167122141,plrt,797.8717002,1042222000,train
767,Leech Lake Dam,Minnesota,,-94.223518,47.251782,4817675,gdrom,0.303,537057.9931,test
768,Pokegama Lake Dam,Minnesota,,-93.588285,47.251326,,gdrom,0.702,978026.292,test
774,Baldhill,North Dakota,,-98.079583,47.037083,120052979,gdrom,81.439,120755405.2,test
777,Pipestem Dam,North Dakota,BOR ,-98.751547,46.96493,120053541,plrt,61.90950152,154595000,train
780,Jamestown,North Dakota,BOR,-98.710417,46.932917,120053643,plrt,122.6998372,274555000,val
784,Dickinson,North Dakota,BOR,-102.828566,46.867223,16235047,plrt,150.0885072,14210000,train
789,Sandy Lake Dam and Lock,Minnesota,ACE_STP,-93.321528,46.783615,167120397,plrt,70.76168772,152834000,train
792,Pine River Dam,Minnesota,,-94.112083,46.670417,4620258,gdrom,154.86,139389738.7,test
798,Heart Butte Dike,North Dakota,BOR,-101.812083,46.59625,16237597,plrt,281.206687,177952000,train
806,Gull Lake,Minnesota,,-94.358021,46.414653,167122172,gdrom,112.878,92861446.84,test
836,Browns Valley Dike,Minnesota,DUKE,-96.639471,45.767747,,plrt,352.5917331,221986000,val
837,Shadehill Dike 1,South Dakota,BOR,-102.20375,45.752083,21861936,plrt,539.5162349,301460000,val
854,Highway 75 Dam,Minnesota,DUKE,-96.291375,45.23921,4083202,plrt,10.61803976,47055000,train
861,Lac Qui Parle Dam,Minnesota,,-95.874583,45.027917,,gdrom,19.994,194125082.4,test
868,Belle Fourche,South Dakota,BOR,-103.67875,44.737083,5451158,plrt,383.9347328,242740000,train
870,Oahe Dam,South Dakota,ACE_OMA,-100.39797,44.456316,19251179,plrt,1489.445774,28078938720,train
872,Keyhole,Wyoming,BOR,-104.78125,44.379972,10904095,plrt,2421.517938,236215000,train
882,Pactola,South Dakota,BOR ,-103.49125,44.074583,17532873,plrt,1090.995165,79246156.08,train
884,Big Bend Dam,South Dakota,ACE_OMA,-99.448646,44.039785,11546100,plrt,140.6184514,2256281616,train
885,Deerfield,South Dakota,BOR,-103.78625,44.02875,17532915,plrt,1107.88982,19929000,train
893,Angostura,South Dakota,BOR,-103.437083,43.342083,9554371,plrt,1091.1178,171159000,train
895,Gavins Point Dam,South Dakota,ACE_OMA,-97.483244,42.850337,11758154,plrt,30.97156789,595770840,val
898,Glendo,Wyoming,BOR,-104.95375,42.48125,167245982,plrt,214.3668767,914580000,train
903,Lake Alice 1,Nebraska,BOR ,-103.625454,41.992166,17508452,plrt,10.93021242,12985000,train
907,Coralville Dam,Iowa,,-91.532083,41.72875,17539821,gdrom,9.221,685014139.8,test
911,Red Rock Dam,Iowa,,-92.982345,41.369935,167121028,gdrom,17.489,2254431059,test
913,Kingsley,Nebraska,,-101.67338,41.214586,167794979,gdrom,484.619,2199544570,test
919,Branched Oak Dam,Nebraska,,-96.853979,40.970589,17404931,gdrom,298.646,40415032.49,test
920,Jeffrey Reg Dam,Nebraska,CNPPID,-100.403511,40.958721,7257343,plrt,1.903914947,8261000,train
924,Rathbun Dam,Iowa,,-92.881377,40.831517,120053324,gdrom,202.553,724797629.6,test
929,Johnson Lake Dam,Nebraska,CNPPID,-99.843679,40.677414,167247026,plrt,23.2630785,57585000,train
931,Elwood Dam,Nebraska,CNPPID,-99.853071,40.634268,7259399,plrt,488.488022,47051000,train
936,Enders,Nebraska,BOR,-101.51979,40.422802,19080361,plrt,568.5667103,45066000,train
938,Medicine Creek,Nebraska,BOR,-100.219447,40.378902,19063074,plrt,311.5367002,57412000,train
939,Red Willow,Nebraska,BOR,-100.666251,40.360837,19069455,plrt,886.7010996,49077000,train
947,Trenton,Nebraska,BOR,-101.065857,40.168713,19091673,plrt,614.5007482,94699000,train
948,Harlan County Dam,Nebraska,BOR,-99.21467,40.072869,19040443,plrt,748.649591,458003000,train
952,Lovewell,Kansas,BOR,-98.028963,39.886843,19016317,plrt,193.0858355,65338000,train
953,Norton,Kansas,BOR ,-99.93575,39.805524,167266511,plrt,1953.123661,49591000,train
955,Long Branch Dam,Missouri,,-92.517382,39.753459,4460822,gdrom,187.175,92069551.5,test
956,Kirwin,Kansas,BOR ,-99.127083,39.659702,7344817,plrt,1232.173152,136078000,val
957,Cherry Creek Dam,Colorado,ACE_OMA,-104.8599,39.646658,229217,plrt,407.54639,19314000,train
958,Bonny,Colorado,BOR,-102.174556,39.621971,11699074,plrt,1531.479349,57357000,train
961,Clarence Cannon Dam,Missouri,,-91.648475,39.526146,937110111,gdrom,133.267,1306243700,test
962,Glen Elder,Kansas,BOR,-98.318864,39.473081,120052972,plrt,1510.547366,277068000,train
963,Webster,Kansas,BOR,-99.424609,39.40559,5943595,plrt,1078.769493,80460000,train
964,Smithville Dam,Missouri,,-94.554967,39.398007,2529647,gdrom,393.405,283349280.9,test
965,Tuttle Creek Dam,Kansas,,-96.59375,39.260417,,gdrom,74.668,2896058088,test
967,Perry Dam,Kansas,,-95.432391,39.111675,746373,gdrom,173.112,903420601.8,test
968,Milford Dam,Kansas,,-96.899609,39.078243,167800866,gdrom,243.095,1660620566,test
969,Blue Springs Dam,Missouri,DUKE,-94.335427,39.014258,,plrt,156.8241037,28090000,train
974,Longview Dam,Missouri,DUKE,-94.465654,38.92201,,plrt,260.7562279,45751000,train
975,Clinton Dam,Kansas,,-95.331348,38.91875,3730511,gdrom,266.195,346638000.6,test
976,Cedar Bluff,Kansas,BOR,-99.72388,38.785402,18950909,plrt,10185.67095,239998000,val
978,Council Grove City Dam,Kansas,,-96.553129,38.676363,20927408,gdrom,199.166,178148081.7,test
980,Pomona Dam,Kansas,,-95.557488,38.653448,10114004,gdrom,183.295,250601571.5,test
981,Kanopolis Dam,Kansas,,-97.966322,38.609095,167266519,gdrom,143.239,477813737,test
982,Melvern Dam,Kansas,DUKE,-95.715718,38.51407,167267891,plrt,373.0508117,387018000,train
983,Marion Lake,Kansas,,-97.08315,38.370716,20917521,gdrom,597.003,177854513,test
987,Pueblo,Colorado,BOR,-104.727382,38.272917,,plrt,112.5900889,364475000,train
989,Harry S. Truman Dam,Missouri,DUKE,-93.40625,38.264873,,plrt,71.15706957,6193534000,train
991,John Redmond Lake,Kansas,,-95.764794,38.239796,167297255,gdrom,26.225,803445665.2,test
993,Bagnell Dam,Missouri,,-92.627083,38.20625,,gdrom,13.524,784428399,test
998,John Martin Reservoir,Colorado,,-102.939585,38.064582,,gdrom,173.695,562033928.5,test
1000,Pomme de Terre Dam,Missouri,,-93.321703,37.897187,7387259,gdrom,215.723,623678021.9,test
1001,El Dorado Lake,Kansas,DUKE,-96.813814,37.840623,20079044,plrt,602.3916408,288101000,train
1003,Toronto Lake,Kansas,DUKE,-95.921996,37.741526,20953830,plrt,26.88628628,281073000,train
1006,Stockton Dam,Missouri,DUKE,-93.76875,37.689583,167267899,plrt,410.5641659,1704771000,train
1007,Fall River Lake,Kansas,DUKE,-96.06875,37.649318,21514748,plrt,35.8618463,304446000,val
1014,Big Hill Lake,Kansas,,-95.464466,37.2693,21795481,gdrom,447.793,53214873.54,test
1016,Trinidad Lake,Colorado,,-104.552901,37.142426,936750,gdrom,149.759,89629724.42,test
1017,Clearwater Dam,Missouri,ACE_LIT,-90.774448,37.136323,7666880,plrt,21.15953019,505258077.6,val
1019,Wappapello Dam,Missouri,,-90.282917,36.932917,167166315,gdrom,35.185,935772363.5,test
1020,Copan Lake,Oklahoma,DUKE,-95.972917,36.886385,21783714,plrt,55.30022505,336557000,train
1021,Great Salt Plains Lake,Oklahoma,DUKE,-98.140473,36.747179,21000069,plrt,26.49841789,227000000,train
1023,Kaw Lake,Oklahoma,DUKE,-96.92875,36.70375,21038107,plrt,63.0365738,1764714000,val
1026,Table Rock Dam,Missouri,ACE_LIT,-93.311648,36.597936,120053569,plrt,325.5850289,4412978224,train
1027,Fort Supply Lake,Oklahoma,DUKE,-99.565839,36.550855,13811164,plrt,164.4976679,33499000,train
1028,Birch Lake,Oklahoma,DUKE,-96.161815,36.530647,846266,plrt,216.3228713,58418000,val
1029,Pensacola,Oklahoma,,-95.04125,36.470417,167299912,gdrom,80.277,2672115146,test
1032,Oologah Lake,Oklahoma,DUKE,-95.679583,36.424583,167299904,plrt,94.86598139,2176493000,train
1033,Beaver,Arkansas,ACE_LIT,-93.849583,36.424583,167299813,plrt,623.7889216,2494293917,train
1035,Eucha,Oklahoma,,-94.933731,36.375383,21770435,gdrom,98.845,107781643.2,test
1036,Bull Shoals,Arkansas,ACE_LIT,-92.574583,36.36625,167299818,plrt,265.5766528,6673287152,train
1037,Skiatook Lake,Oklahoma,,-96.09125,36.350417,941070128,gdrom,835.851,651823610.5,test
1042,Norfork,Arkansas,ACE_LIT,-92.237917,36.25375,120052259,plrt,349.6727692,2501491273,train
1044,Robert S. Kerr Dam,Oklahoma,,-95.18125,36.232917,21772239,gdrom,10.538,547335363.8,test
1048,Keystone Lake,Oklahoma,DUKE,-96.257917,36.15375,20971700,plrt,32.48676926,2313050000,train
1050,Canton Lake,Oklahoma,,-98.602083,36.085762,,gdrom,282.33,192038034.2,test
1051,Newt Graham Lock and Dam,Oklahoma,DUKE,-95.539797,36.059869,832544,plrt,1.917650456,36934000,train
1053,Fort Gibson Lake,Oklahoma,DUKE,-95.232917,35.870417,167299918,plrt,20.89750088,1584282000,train
1060,Tenkiller Lake,Oklahoma,,-95.037083,35.595417,402142,gdrom,185.479,1490462980,test
1067,Greers Ferry,Arkansas,ACE_LIT,-91.992917,35.520417,167299819,plrt,622.3034973,3465172192,train
1068,Overholser,Oklahoma,,-97.668076,35.487041,167300171,gdrom,33.542,23226463.05,test
1070,Conchas Dam,New Mexico,DUKE,-104.191262,35.40124,20052547,plrt,861.2730532,399659000,train
1075,Robert S. Kerr Lock and Dam,Oklahoma,DUKE,-94.778828,35.346223,167801029,plrt,6.148263718,713510000,train
1077,Eufaula Lake,Oklahoma,,-95.357917,35.307917,167801019,gdrom,183.178,4770880796,test
1078,Dardanelle Lock and Dam,Arkansas,DUKE,-93.172917,35.251912,7767759,plrt,5.228511425,628808000,train
1084,Blue Mountain,Arkansas,ACE_LIT,-93.651042,35.102957,7801259,plrt,38.62804215,408854708.1,val
1086,Santa Rosa Dam,New Mexico,BOR,-104.688235,35.02896,,plrt,272.8507623,148611000,train
1092,Nimrod,Arkansas,ACE_LIT,-93.16166,34.95283,7827790,plrt,29.2061651,533709527.3,val
1093,Wister Lake,Oklahoma,DUKE,-94.720417,34.94125,6043008,plrt,33.23355027,705789000,train
1095,Altus,Oklahoma,BOR,-99.29375,34.889583,13756271,plrt,1842.714306,174661000,val
1101,Arkabutla Dam,Mississippi,ACE_VIC,-90.122793,34.756146,15252778,plrt,53.39311902,913794000,train
1109,Sumner,New Mexico,BOR,-104.387083,34.612083,20818104,plrt,84.78978759,52953000,train
1112,Blakely Mountain Dam,Arkansas,ACE_VIC,-93.195081,34.574105,15231972,plrt,616.0530481,3303090000,train
1120,Waurika Lake,Oklahoma,DUKE,-98.05608,34.239978,8357843,plrt,566.4350452,454206000,train
1121,Degray Dam,Arkansas,ACE_VIC,-93.110417,34.216058,22000120,plrt,400.2913702,1036612000,train
1122,Gillham,Arkansas,ACE_LIT,-94.22875,34.212083,3745418,plrt,36.59138251,232757676,train
1123,Broken Bow Lake,Oklahoma,,-94.684583,34.149583,630011,gdrom,333.683,1695243168,test
1124,Dierks,Arkansas,DUKE,-94.099583,34.149583,3745478,plrt,91.02744122,104727000,train
1125,Narrows Dam,Arkansas,ACE_VIC,-93.716351,34.149561,22697680,plrt,400.2913702,1036612000,val
1126,Pine Creek Lake,Oklahoma,,-95.082917,34.11625,617546,gdrom,37.012,581158669.4,test
1127,Dequeen,Arkansas,,-94.382083,34.099583,3745526,gdrom,70.193,186171881.1,test
1128,Hugo Lake,Oklahoma,DUKE,-95.382598,34.011291,,plrt,46.41009626,1086549000,train
1134,Pat Mayse Lake,Texas,DUKE,-95.557174,33.85427,8347705,plrt,496.1421292,251650000,train
1135,Denison Dam,Oklahoma,,-96.573487,33.822946,167300255,gdrom,236.03,7239679897,test
1139,Lake Arrowhead Dam,Texas,,-98.360383,33.762939,13659779,gdrom,1254.853,354626029,test
1144,Millwood Dam,Arkansas,DUKE,-93.96625,33.695417,167300345,plrt,18.97037056,1188748000,train
1145,Lake Kickapoo Dam,Texas,,-98.778238,33.660121,13659945,gdrom,603.112,155640861.9,test
1151,Ray Roberts Dam,Texas,ACE_FOR,-97.052189,33.356409,,plrt,1414.194054,1501783000,train
1152,Jim Chapman Lake,Texas,,-95.62875,33.32875,,gdrom,208.26,577292076.1,test
1164,Lewisville Dam,Texas,,-96.970417,33.070417,120053021,gdrom,228.776,1410171946,test
1170,Lavon Dam,Texas,DUKE,-96.470417,33.032917,1291638,plrt,512.7082993,926837000,train
1171,Grapevine Dam,Texas,,-97.057917,32.97375,120051934,gdrom,279.756,547635099.9,test
1176,Morris Sheppard,Texas,,-98.428696,32.869311,120053359,gdrom,353.499,699539622,test
1177,Eagle Mountain Dam,Texas,,-97.498242,32.87062,120051933,gdrom,240.429,257321580.6,test
1181,Iron Bridge Dam,Texas,,-95.91465,32.814655,120053340,gdrom,1096.819,1313655323,test
1182,Lake Fork Dam,Texas,,-95.531853,32.811369,5292739,gdrom,720.727,894694951.3,test
1183,Rockwall Forney Dam,Texas,,-96.501952,32.802749,120053026,gdrom,280.921,624997847.4,test
1184,Lake Worth Dam,Texas,,-97.417708,32.790449,1267710,gdrom,43.788,56656287.87,test
1186,Ferrells Bridge Dam,Texas,,-94.507917,32.75375,1010832,gdrom,194.674,810163207.3,test
1188,Mountain Creek Dam,Texas,,-96.94375,32.730483,1269548,gdrom,69.205,34980311.5,test
1192,Caddo Dam,Louisiana,ACE_VIC,-93.91625,32.707917,167300381,plrt,29.49785167,437639000,train
1194,Benbrook Lake,Texas,,-97.457917,32.652917,1267968,gdrom,209.069,205366092,test
1197,Joe Pool Lake,Texas,DUKE,-96.988542,32.642259,,plrt,901.4972835,338150000,train
1201,Lake J.B. Thomas Dam,Texas,,-101.137062,32.585119,5632093,gdrom,2263.009,87107994.15,test
1202,Brantley,New Mexico,BOR,-104.378655,32.549683,22454697,plrt,118.6086222,55989000,train
1216,Squaw Creek Dam,Texas,,-97.760779,32.294346,5511582,gdrom,3509.566,196744053.9,test
1218,Lake Pat Cleburne Dam,Texas,,-97.427188,32.285598,5511586,gdrom,90.274,41132918.92,test
1219,Martin Lake Dam,Texas,,-94.54375,32.26875,5278224,gdrom,299.875,125321754.9,test
1220,Bardwell Lake,Texas,,-96.649583,32.25375,1445978,gdrom,179.619,174871953.9,test
1231,Blackburn Crossing Dam,Texas,,-95.432925,32.058212,4451216,gdrom,262.907,598238692.4,test
1236,Proctor Lake,Texas,,-98.47875,31.974583,120053201,gdrom,126.991,466659484.1,test
1237,Navarro Mills Dam,Texas,ACE_FOR,-96.699583,31.95375,4132531,plrt,152.1550431,215859000,train
1242,Red Bluff Dam,Texas,,-103.911505,31.906225,3210503,gdrom,615.126,349876877.2,test
1245,Aquilla Lake,Texas,,-97.207917,31.899583,166414857,gdrom,179.105,116348174.6,test
1247,Whitney Lake,Texas,,-97.370417,31.870417,120053204,gdrom,174.433,1829077181,test
1249,Hords Creek Dam,Texas,ACE_FOR,-99.562083,31.835417,5741244,plrt,1335.833407,15613000,val
1254,Waco Lake,Texas,,-97.199583,31.57875,,gdrom,127.88,606835155.6,test
1266,Sterling C. Robertson Dam,Texas,,-96.330328,31.327812,5575089,gdrom,227.141,302696443.5,test
1269,Toledo Bend,Louisiana,,-93.566547,31.174682,,gdrom,361.467,6040759842,test
1273,Belton Dam,Texas,,-97.474583,31.112083,2571688,gdrom,289.821,1291583769,test
1275,Sam Rayburn Dam And Reservoir,Texas,,-94.107917,31.06625,1158647,gdrom,356.305,4968065203,test
1277,Stillhouse-Hollow Dam,Texas,,-97.532917,31.024583,120053388,gdrom,322.929,736890685.6,test
1279,Town Bluff Dam,Texas,,-94.17438,30.799546,1111211,gdrom,5.908,140246885.2,test
1283,Roy Inks Dam,Texas,,-98.380208,30.73233,5756912,gdrom,15.689,26255894.45,test
1285,Granger Dam,Texas,,-97.337083,30.69125,5670421,gdrom,101.884,222455982.9,test
1286,North San Gabriel Dam,Texas,,-97.727235,30.669258,5670445,gdrom,267.979,167753530.2,test
1287,Livingston Dam,Texas,,-95.015625,30.632678,1492358,gdrom,98.493,2565642227,test
1291,Alvin Wirtz Dam,Texas,,-98.340775,30.56016,5756952,gdrom,63.532,171232935.8,test
1292,Max Starcke Dam,Texas,,-98.257643,30.557553,,gdrom,3.924,293679253.2,test
1296,Somerville Dam,Texas,,-96.524583,30.31625,5569731,gdrom,184.273,665813761.5,test
1297,Tom Miller Dam,Texas,,-97.786268,30.295339,,gdrom,13.059,34620083.16,test
1302,Canyon Lake,Texas,,-98.199583,29.872083,3588682,gdrom,347.517,682872815.4,test
1315,Coleto Creek Dam,Texas,,-97.170278,28.735417,1637751,gdrom,163.128,50116367.16,test
1317,Wesley E. Seale Dam,Texas,,-97.869086,28.047561,3169144,gdrom,200.219,343153784.5,test
1432,NA,NA,NA,NA,NA,,plrt,1.449650241,121793815.2,val
1585,Beltzville Dam,Pennsylvania,ACE_PHI,-75.637744,40.84943,4186689,plrt,93.01421945,69732000,train
1586,J. Edward Roush Lake Dam,Indiana,,-85.467105,40.846824,18508016,gdrom,7.999,208682924.7,test
1587,Salamonie Lake Dam,Indiana,,-85.675829,40.806373,18505514,gdrom,35.117,321478671.5,test
1592,Mississinewa Lake Dam,Indiana,,-85.955208,40.714103,18502689,gdrom,33.946,430488862.6,test
1595,Lake Mohawk Dam,Ohio,ACE_HUN,-81.193735,40.672896,19387410,plrt,0.605977989,111660000,train
1600,Pleasant Hill Dam,Ohio,ACE_HUN,-82.324353,40.624274,15408959,plrt,29.45250542,36071000,train
1606,Atwood Dam,Ohio,ACE_HUN,-81.277152,40.523591,19387454,plrt,110.085455,46059000,train
1615,Blue Marsh Dam,Pennsylvania,ACE_PHI,-76.034375,40.382474,4782813,plrt,30.62881999,61454000,val
1617,Tappan Dam,Ohio,ACE_HUN,-81.225946,40.356622,19390686,plrt,255.1350877,49535000,val
1619,Clendening Dam,Ohio,ACE_HUN,-81.279319,40.270656,19390726,plrt,115.1909849,47952000,train
1620,Piedmont Dam,Ohio,ACE_HUN,-81.218352,40.191827,19390850,plrt,126.7295908,68660000,train
1631,Dillon Dam,Ohio,ACE_HUN,-82.082917,39.995417,166899180,plrt,10.94115191,110879000,val
1634,Clarence J. Brown Dam,Ohio,,-83.746098,39.951705,3984810,gdrom,72.14,744910784.5,test
1636,Senecaville Dam,Ohio,ACE_HUN,-81.433961,39.924326,15372030,plrt,144.4491052,102714000,val
1645,Cecil M. Harden Lake Dam,Indiana,,-87.067708,39.720158,10208007,gdrom,87.509,163944538.3,test
1650,Tom Jenkins Dam,Ohio,ACE_HUN,-82.056248,39.539648,15417757,plrt,107.2321531,21333000,train
1654,Cagles Mill Lake Dam,Indiana,,-86.914583,39.486722,18465136,gdrom,51.341,215784079.6,test
1655,Caesar Creek Lake Dam,Ohio,,-84.059259,39.485819,166899204,gdrom,187.965,222443648.1,test
1659,Lake Shelbyville Dam,Illinois,,-88.77875,39.412083,167122256,gdrom,119.898,643492674.1,test
1683,William H. Harsha Lake Dam,Ohio,,-84.146664,39.021119,166899203,gdrom,109.743,261240352.4,test
1691,Burnsville Lake Dam,West Virginia,ACE_HUN,-80.617632,38.840775,76669453,plrt,19.7531001,48943000,train
1699,Sutton Dam,West Virginia,ACE_HUN,-80.690625,38.661883,19322053,plrt,19.48509405,162560000,train
1706,Beech Fork Lake Dam,West Virginia,ACE_HUN,-82.413806,38.301903,3964356,plrt,4.247134556,85972000,train
1707,Grayson Dam,Kentucky,ACE_HUN,-82.984298,38.251318,120052749,plrt,50.74495373,107481000,train
1709,Summersville Dam,West Virginia,ACE_HUN,-80.890208,38.224185,4547794,plrt,34.20551129,342605000,val
1712,East Lynn Dam,West Virginia,ACE_HUN,-82.386678,38.142806,3964366,plrt,38.16276881,51732000,train
1713,Yatesville Dam,Kentucky,ACE_HUN,-82.696959,38.125451,,plrt,64.40750239,100805000,train
1714,Cave Run Lake Dam,Kentucky,,-83.530932,38.114969,166830448,gdrom,100.122,688619607.3,test
1716,Rend Lake Dam,Illinois,DUKE,-88.968937,38.037374,167156996,plrt,240.5919774,487918000,val
1718,Taylorsville Lake Dam,Kentucky,,-85.302083,38.002023,10263686,gdrom,91.063,361041368,test
1723,Paintsville Dam,Kentucky,ACE_HUN,-82.871875,37.840562,,plrt,128.1086506,78462000,train
1726,Dewey Dam,Kentucky,ACE_HUN,-82.725985,37.734423,885333,plrt,27.79305146,57169000,train
1733,R.D. Bailey Dam,West Virginia,ACE_HUN,-81.8213,37.600451,6933708,plrt,16.73614977,135067000,train
1735,Fishtrap Dam,Kentucky,ACE_HUN,-82.405835,37.42702,1086587,plrt,19.50650462,84176000,train
1739,Buckhorn Lake Dam,Kentucky,,-83.469937,37.338027,486928,gdrom,22.736,171895562.3,test
1740,Nolin Lake Dam,Kentucky,,-86.246529,37.278458,4003290,gdrom,72.14,744910784.5,test
1741,Green River Lake Dam,Kentucky,,-85.339277,37.247917,3999688,gdrom,104.619,700256274.9,test
1742,John W. Flannagan Dam,Virginia,ACE_HUN,-82.347917,37.231204,1086591,plrt,100.3838191,114056000,train
1744,Carr Creek Lake Dam,Kentucky,,-83.031211,37.22716,,gdrom,141.362,48056380.8,test
1752,Barkley Dam,Kentucky,ACE_NAS,-88.218748,37.018747,166899385,plrt,12.59096257,1708881000,train
1753,Kentucky,Kentucky,TVA,-88.268652,37.010296,120052349,plrt,18.84947556,6968203759,train
1754,Laurel Dam,Kentucky,ACE_NAS,-84.267474,36.959995,166899298,plrt,525.1674076,550870000,train
1755,Barren River Lake Dam,Kentucky,ACE_LOU,-86.122475,36.893486,120052316,plrt,76.16179384,627551000,train
1756,Wolf Creek,Kentucky,ACE_NAS,-85.14375,36.867817,166899300,plrt,191.8508464,6876579000,train
1758,Philpott Dam,Virginia,,-80.02875,36.782917,8674019,gdrom,315.614,236005780.9,test
1761,John H. Kerr Dam,Virginia,DUKE,-78.295417,36.59625,167496465,plrt,97.99067035,3374308000,val
1762,Dale Hollow Dam,Tennessee,ACE_NAS,-85.450254,36.538312,166899333,plrt,466.0603073,1844764000,train
1763,South Holston,Tennessee,TVA,-82.085291,36.523027,166997474,plrt,304.2671894,842726584.4,val
1765,Boone,Tennessee,TVA,-82.434375,36.438918,166997475,plrt,30.7904374,236600628.8,val
1767,Watauga,Tennessee,TVA,-82.121993,36.3216,166997499,plrt,379.8564943,767164211.2,train
1768,Old Hickory Dam,Tennessee,ACE_NAS,-86.658869,36.29189,18415569,plrt,12.88937954,626322000,train
1770,Norris,Tennessee,TVA,-84.09268,36.227217,166997561,plrt,195.6662388,2969502179,train
1774,Cherokee Saddle Dam 1,Tennessee,TVA,-83.497532,36.164256,166997501,plrt,111.5581246,1817905678,train
1775,J. Percy Priest Dam,Tennessee,ACE_NAS,-86.617997,36.155261,120052688,plrt,135.0504559,821534000,val
1776,W. Kerr Scott Dam,North Carolina,DUKE,-81.22875,36.132917,9250140,plrt,34.21232594,83115000,val
1777,Center Hill Dam,Tennessee,ACE_NAS,-85.82558,36.096527,167122309,plrt,13.00614594,1680599000,train
1781,Douglas,Tennessee,,-83.534322,35.96336,166997463,gdrom,27.685,915451490.3,test
1782,Falls Lake Dam,North Carolina,DUKE,-78.582917,35.945417,166737717,plrt,95.68250494,416142000,train
1783,Melton Hill,Tennessee,TVA,-84.296716,35.882789,120052841,plrt,11.69148337,152942549.2,train
1786,B. Everett Jordan Dam,North Carolina,DUKE,-81.194332,35.821759,9751274,gdrom,26.306,156639858.9,test
1787,Watts Bar,Tennessee,TVA,-85.621457,35.801042,22134539,gdrom,3.166,35019042.83,test
1789,Rhodhiss,North Carolina,,-81.439986,35.772803,9751288,gdrom,10.654,77758695.19,test
1790,Lookout Shoals,North Carolina,,-81.090611,35.757868,,gdrom,5.089,38083695,test
1791,Catawba,North Carolina,,-81.840625,35.744272,9751286,gdrom,151.316,374761756.6,test
1796,B. Everett Jordan Dam,North Carolina,,-79.070417,35.657917,166755060,plrt,68.60803308,704001000,val
1797,Watts Bar,Tennessee,,-84.780208,35.623945,166997494,plrt,17.59213927,1588600727,train
1800,Normandy,Tennessee,,-86.242708,35.466245,166997625,gdrom,72.787,78049920.26,test
1801,Fontana,North Carolina,TVA,-83.807292,35.453399,166912876,plrt,146.3794337,1780544079,train
1804,Cowans Ford,North Carolina,,-80.952083,35.435689,166756415,gdrom,191.334,1316613582,test
1809,Mountain Island,North Carolina,,-80.985417,35.339583,9755308,gdrom,10.231,100404188.3,test
1817,Apalachia,North Carolina,TVA,-84.293303,35.168026,19674973,plrt,13.85749195,71060680.86,train
1818,Hiwassee,North Carolina,TVA,-84.176042,35.152638,,plrt,67.64045271,537022532.2,train
1822,Chickamauga,Tennessee,TVA,-85.226742,35.102025,166997575,plrt,8.044057955,1041635326,val
1823,Ocoee 1,Tennessee,TVA,-84.646551,35.094393,19667233,plrt,30.52786755,109498772,val
1824,Pickwick Landing,Tennessee,TVA,-88.247429,35.069376,19598582,plrt,7.95484489,1487760373,val
1827,Winthrop University Dam,South Carolina,,-81.010741,35.022443,166756413,gdrom,30.134,286846201.9,test
1828,Chatuge,North Carolina,TVA,-83.79203,35.016806,166997584,plrt,234.7918969,291144502.8,train
1829,Nickajack,Tennessee,TVA,-85.618247,35.001899,,plrt,3.509574761,484670786.7,train
1833,Nottely,Georgia,TVA,-84.090625,34.955905,166997585,plrt,169.8431085,209140305.8,train
1834,Blue Ridge,Georgia,,-84.278125,34.881121,19668381,gdrom,68.385,120870982.4,test
1835,Wheeler,Alabama,TVA,-87.380231,34.806299,,plrt,9.537906368,1937689839,train
1841,Carters Main Dam,Georgia,,-84.669583,34.61625,6479321,gdrom,154.997,582820169.4,test
1842,Fishing Creek,South Carolina,,-80.890625,34.60297,,gdrom,3.946,50164398.12,test
1843,Cedar Creek,Alabama,,-87.972741,34.54375,19566308,gdrom,58.705,75008030.69,test
1846,Little Bear Creek,Alabama,,-87.972917,34.452307,19626258,gdrom,82.388,30689028.18,test
1847,Guntersville,Alabama,TVA,-86.39202,34.421538,167182204,plrt,12.07874451,1856309517,train
1848,Sardis Dam,Mississippi,ACE_VIC,-89.792634,34.407344,167182317,plrt,106.6436708,2205339000,train
1851,Hartwell Dam,Georgia,ACE_SAV,-82.824583,34.362083,166759840,plrt,333.8420058,3466666000,train
1852,Wateree,South Carolina,,-80.702952,34.336709,9737130,gdrom,24.092,406693764.4,test
1855,Upper Bear Creek,Alabama,,-87.692356,34.27409,19568056,gdrom,36.628,27173604.94,test
1862,Allatoona Lake Dam and Powerhouse,Georgia,,-84.727917,34.16625,6495140,gdrom,102.476,677798271.1,test
1863,Buford,Georgia,,-84.074583,34.162083,6495106,gdrom,501.236,2663087293,test
1864,Enid Dam,Mississippi,ACE_VIC,-89.90447,34.151653,167166404,plrt,112.3898358,948291000,train
1869,Grenada Dam,Mississippi,ACE_VIC,-89.76874,33.814591,18014672,plrt,116.5466247,2205583000,val
1872,J. Strom Thurmond Dam,Georgia,ACE_SAV,-82.196875,33.662099,,plrt,159.0660237,3621497000,train
1883,Wallace,Georgia,ACE_VIC,-83.157149,33.352754,,plrt,9.173515796,137959000,train
1896,West Point,Georgia,,-85.192917,32.924583,166758703,gdrom,62.765,885886657.5,test
1910,Walter F. George Lock and Dam,Alabama,DUKE,-85.06625,31.62875,166758723,plrt,53.0049908,1456956000,train
1916,Jim Woodruff Dam,Florida,USGS,-84.866115,30.708037,10361596,plrt,10.11830764,489281000,train
2149,Franklin Falls Dam,New Hampshire,,-71.65625,43.45375,166174267,gdrom,2.039,54088178.68,test
2158,Hopkinton Flood Control Dam,New Hampshire,DUKE,-71.747262,43.188119,,plrt,2.06180931,49796000,val
2188,Littleville Dam,Massachusetts,DUKE,-72.88235,42.26612,6094731,plrt,46.19456393,31575000,train
2193,Colebrook River Dam,Connecticut,,-73.020417,41.99125,,gdrom,60.667,92397519.84,test
2356,NA,NA,NA,NA,NA,,plrt,258.1865827,6555946200,val
7214,Ridges Basin,Colorado,BOR,-107.896538,37.219426,,plrt,188561.7241,142054000,train
7306,Wilson,Alabama,TVA,-87.623433,34.79871,166997604,plrt,6.165155434,791077005,train
7308,Richard B. Russell Dam,Georgia,ACE_SAV,-82.600552,34.025484,,plrt,106.8018236,1424740000,train
7311,Elk City Lake,Kansas,DUKE,-95.786274,37.275927,,plrt,44.6626462,440923000,train
7313,Canyon Ferry Dam,Montana,BOR,-111.727374,46.648333,167204871,plrt,167.1922629,2515053000,train
7317,Tims Ford,Tennessee,TVA,-86.276254,35.197234,19605147,plrt,252.8080516,742167586.1,train
7318,Cordell Hull Dam,Tennessee,ACE_NAS,-85.944131,36.29222,10175533,plrt,9.988706244,376640000,val
9001,NA,NA,NA,NA,NA,NA,plrt,2.345689618,2294272.8,train
9002,NA,NA,NA,NA,NA,NA,plrt,7.507091418,6901320.6,train
9003,NA,NA,NA,NA,NA,NA,plrt,7.34946667,942625416,train
9004,NA,NA,NA,NA,NA,NA,plrt,10.66553675,725804301.6,train
9005,NA,NA,NA,NA,NA,NA,plrt,14.87348157,510784068,val
9006,NA,NA,NA,NA,NA,NA,plrt,17.99384413,594713747.6,train
9007,NA,NA,NA,NA,NA,NA,plrt,0.531265738,54484045.08,train
9008,NA,NA,NA,NA,NA,NA,plrt,0.186244835,14308368,val
9009,NA,NA,NA,NA,NA,NA,plrt,0.475434304,49067834.4,train
9010,NA,NA,NA,NA,NA,NA,plrt,2.261613654,206176182,train
9011,NA,NA,NA,NA,NA,NA,plrt,0.340777329,895445.3157,train
9012,NA,NA,NA,NA,NA,NA,plrt,195.1171404,8963699.16,train
9013,NA,NA,NA,NA,NA,NA,plrt,20.86816702,24789247.56,train
9014,NA,NA,NA,NA,NA,NA,plrt,715.1948965,104499192.1,val
9015,NA,NA,NA,NA,NA,NA,plrt,5.11483886,33385920.16,train
9016,NA,NA,NA,NA,NA,NA,plrt,8.912606634,503472691.8,train
9018,NA,NA,NA,NA,NA,NA,plrt,1.507401658,5316400.74,train
10000,Black Canyon,Idaho,,-116.43635,43.93046,,gdrom,5.263,38237880,test
10001,Avalon,New Mexico,,-104.2553,32.4908,,gdrom,23.282,9952950.12,test
10002,Westville,Massachusetts,,-72.057778,42.081667,,gdrom,0.389,4852510.32,test
10003,Lewiston Lake,California,,-122.793,40.727,,gdrom,3.855,18700790.28,test
10004,Mariposa Reservoir,California,,-120.147,37.292,,gdrom,2.732,19579028.04,test
10005,Orwell Lake,Minnesota,,-96.1809,46.2166,,gdrom,6.453,21986781,test
10006,Mansfield Hollow,Connecticut,,-72.18333,41.775556,,gdrom,5.619,32175325.8,test
10007,North Hartland,Vermont,,-72.360561,43.604939,,gdrom,3.231,53360344.8,test
10008,WestHill,Massachusetts,,-71.605,42.105833,,gdrom,1.153,5096739.36,test
10009,East Brimfield,Massachusetts,,-72.126111,42.108333,,gdrom,17.336,24163873.2,test
10010,Otter Brook,New Hampshire,,-72.23778,42.914722,,gdrom,6.237,17034358.8,test
10011,Surry Mountain,New Hampshire,,-72.309722,42.9983,,gdrom,5.709,38926161.84,test
10013,Knightville,Massachusetts,,-72.86,42.291047,,gdrom,0.868,40432240.92,test
10014,Carlyle Lake,Illinois,,-89.3529,38.6189,,gdrom,59.513,995452897.4,test
10015,Mud Lake,Minnesota,,-96.5731,45.8616,,gdrom,23.9,113782362.6,test
10017,Russel,Georgia,,-82.629976,34.091762,,gdrom,94.34,1430857769,test
10018,Spring Creek Reservoir,California,,-122.474,40.629,,gdrom,25.368,7609338.12,test
10019,Eau Galle Reservoir,Wisconsin,,-92.0139,44.7122,,gdrom,22.716,9682818,test
10020,Hulah,Oklahoma,,-96.091667,36.935,,gdrom,34.579,383686288.8,test
10021,Bonneville LD,Oregon,,-121.940556,45.644167,,gdrom,1.954,902043924,test
10022,Lake Natoma,California,,-121.83,38.65,,gdrom,1.048,11000174.64,test
10023,Lower Monumental LD,Washington,,-118.539,46.563,,gdrom,4.012,468093325.2,test
10024,Dalles LD,Oregon,,-121.134444,45.612222,,gdrom,0.928,404458092,test
10025,IceHarbor LD,Washington,,-118.879722,46.24958,,gdrom,4.277,504246624,test
10026,LowerGranite LD,Washington,,-117.428056,46.660556,,gdrom,5.146,597966434.4,test
10027,LittleGoose LD,Washington,,-118.02606,46.58737,,gdrom,5.992,701480076,test
10028,Keswick Reservoir,California,,-122.445699,40.612104,,gdrom,1.153,29266779.96,test
10029,Big Cliff LD,Oregon,,-122.2831,44.751,,gdrom,0.867,7757355.72,test
10030,Mcnary LD,Oregon,,-119.296111,45.929722,,gdrom,3.865,1675534562,test
10031,Chief Joseph LD,Washington,,-119.6333,47.995278,,gdrom,2.693,735968176.8,test
10032,John day LD,Oregon,,-120.694444,45.716389,,gdrom,6.757,3106766076,test
10033,Crystal,Colorado,,-107.58142,38.48118,,gdrom,5.287,24789247.56,test
10034,Causey,Utah,,-111.587222,41.298333,,gdrom,40.601,9145020.72,test
10035,Agate Dam,Oregon,,-122.7723,42.410847,,gdrom,67.062,5940439.68,test
10036,Ridgway,Colorado,,-107.756448,38.230823,,gdrom,171.656,104737253.8,test
10037,Canyon Ferry Lake,Montana,,-111.7279,46.64797,,gdrom,169.243,2504882109,test
10038,Fruit growers,Colorado,,-107.954578,38.82667,,gdrom,105.166,6208104.84,test
10039,Huntington north,Utah,,-111.2674,39.5906,,gdrom,121.718,5532157.8,test
10040,Newton,Utah,,-111.97386,41.89546,,gdrom,185.587,7155417.48,test
10041,Whitney,Connecticut,,-72.911,41.352,,gdrom,100.47,2110265954,test
10042,Twin Lakes Reservoir,Colorado,,-106.4617,39.0833,,gdrom,192.444,182013542.3,test
